"year","experiment","source","rep","date","location","species_richness","total_cover","initials","doi"
2021,"solo survey","full",1,2021-10-06,"Thompson Park, Toronto",3,70,"AH","10.6084/m9.figshare.16807258"
2021,"solo survey","full",2,2021-10-06,"Thompson Park, Toronto",3,70,"AH","10.6084/m9.figshare.16807258"
2021,"solo survey","full",3,2021-10-06,"Thompson Park, Toronto",3,70,"AH","10.6084/m9.figshare.16807258"
2021,"solo survey","full",4,2021-10-06,"Thompson Park, Toronto",4,90,"AH","10.6084/m9.figshare.16807258"
2021,"solo survey","full",5,2021-10-06,"Thompson Park, Toronto",4,90,"AH","10.6084/m9.figshare.16807258"
2021,"solo survey","full",6,2021-10-06,"Thompson Park, Toronto",4,90,"AH","10.6084/m9.figshare.16807258"
2021,"solo survey","full",7,2021-10-06,"Thompson Park, Toronto",4,60,"AH","10.6084/m9.figshare.16807258"
2021,"solo survey","full",8,2021-10-06,"Thompson Park, Toronto",4,60,"AH","10.6084/m9.figshare.16807258"
2021,"solo survey","full",9,2021-10-06,"Thompson Park, Toronto",4,60,"AH","10.6084/m9.figshare.16807258"
2021,"solo survey","full",10,2021-10-06,"Thompson Park, Toronto",4,40,"AH","10.6084/m9.figshare.16807258"
2021,"solo survey","full",11,2021-10-06,"Thompson Park, Toronto",4,40,"AH","10.6084/m9.figshare.16807258"
2021,"solo survey","full",12,2021-10-06,"Thompson Park, Toronto",4,40,"AH","10.6084/m9.figshare.16807258"
2021,"solo survey","full",13,2021-10-06,"Thompson Park, Toronto",2,80,"AH","10.6084/m9.figshare.16807258"
2021,"solo survey","full",14,2021-10-06,"Thompson Park, Toronto",2,80,"AH","10.6084/m9.figshare.16807258"
2021,"solo survey","full",15,2021-10-06,"Thompson Park, Toronto",2,80,"AH","10.6084/m9.figshare.16807258"
2021,"solo survey","full",16,2021-10-06,"Thompson Park, Toronto",6,90,"AH","10.6084/m9.figshare.16807258"
2021,"solo survey","full",17,2021-10-06,"Thompson Park, Toronto",6,90,"AH","10.6084/m9.figshare.16807258"
2021,"solo survey","full",18,2021-10-06,"Thompson Park, Toronto",6,90,"AH","10.6084/m9.figshare.16807258"
2021,"solo survey","full",19,2021-10-06,"Thompson Park, Toronto",3,80,"AH","10.6084/m9.figshare.16807258"
2021,"solo survey","full",20,2021-10-06,"Thompson Park, Toronto",3,80,"AH","10.6084/m9.figshare.16807258"
2021,"solo survey","full",21,2021-10-06,"Thompson Park, Toronto",3,80,"AH","10.6084/m9.figshare.16807258"
2021,"solo survey","full",22,2021-10-06,"Thompson Park, Toronto",4,60,"AH","10.6084/m9.figshare.16807258"
2021,"solo survey","full",23,2021-10-06,"Thompson Park, Toronto",4,60,"AH","10.6084/m9.figshare.16807258"
2021,"solo survey","full",24,2021-10-06,"Thompson Park, Toronto",4,60,"AH","10.6084/m9.figshare.16807258"
2021,"solo survey","full",25,2021-10-06,"Thompson Park, Toronto",2,90,"AH","10.6084/m9.figshare.16807258"
2021,"solo survey","full",26,2021-10-06,"Thompson Park, Toronto",2,90,"AH","10.6084/m9.figshare.16807258"
2021,"solo survey","full",27,2021-10-06,"Thompson Park, Toronto",2,90,"AH","10.6084/m9.figshare.16807258"
2021,"solo survey","full",28,2021-10-06,"Thompson Park, Toronto",2,60,"AH","10.6084/m9.figshare.16807258"
2021,"solo survey","full",29,2021-10-06,"Thompson Park, Toronto",2,60,"AH","10.6084/m9.figshare.16807258"
2021,"solo survey","full",30,2021-10-06,"Thompson Park, Toronto",2,60,"AH","10.6084/m9.figshare.16807258"
2021,"solo survey","full",31,2021-10-06,"Thompson Park, Toronto",4,60,"AH","10.6084/m9.figshare.16807258"
2021,"solo survey","full",32,2021-10-06,"Thompson Park, Toronto",4,60,"AH","10.6084/m9.figshare.16807258"
2021,"solo survey","full",33,2021-10-06,"Thompson Park, Toronto",4,60,"AH","10.6084/m9.figshare.16807258"
2021,"solo survey","full",34,2021-10-06,"Thompson Park, Toronto",6,70,"AH","10.6084/m9.figshare.16807258"
2021,"solo survey","full",35,2021-10-06,"Thompson Park, Toronto",6,70,"AH","10.6084/m9.figshare.16807258"
2021,"solo survey","full",36,2021-10-06,"Thompson Park, Toronto",6,70,"AH","10.6084/m9.figshare.16807258"
2021,"solo survey","full",37,2021-10-06,"Thompson Park, Toronto",3,30,"AH","10.6084/m9.figshare.16807258"
2021,"solo survey","full",38,2021-10-06,"Thompson Park, Toronto",3,30,"AH","10.6084/m9.figshare.16807258"
2021,"solo survey","full",39,2021-10-06,"Thompson Park, Toronto",3,30,"AH","10.6084/m9.figshare.16807258"
2021,"solo survey","full",40,2021-10-06,"Thompson Park, Toronto",3,40,"AH","10.6084/m9.figshare.16807258"
2021,"solo survey","full",41,2021-10-06,"Thompson Park, Toronto",3,40,"AH","10.6084/m9.figshare.16807258"
2021,"solo survey","full",42,2021-10-06,"Thompson Park, Toronto",3,40,"AH","10.6084/m9.figshare.16807258"
2021,"solo survey","full",43,2021-10-06,"Thompson Park, Toronto",4,70,"AH","10.6084/m9.figshare.16807258"
2021,"solo survey","full",44,2021-10-06,"Thompson Park, Toronto",4,70,"AH","10.6084/m9.figshare.16807258"
2021,"solo survey","full",45,2021-10-06,"Thompson Park, Toronto",4,70,"AH","10.6084/m9.figshare.16807258"
2021,"solo survey","full",46,2021-10-06,"Thompson Park, Toronto",3,60,"AH","10.6084/m9.figshare.16807258"
2021,"solo survey","full",47,2021-10-06,"Thompson Park, Toronto",3,60,"AH","10.6084/m9.figshare.16807258"
2021,"solo survey","full",48,2021-10-06,"Thompson Park, Toronto",3,60,"AH","10.6084/m9.figshare.16807258"
2021,"solo survey","full",49,2021-10-06,"Thompson Park, Toronto",5,80,"AH","10.6084/m9.figshare.16807258"
2021,"solo survey","full",50,2021-10-06,"Thompson Park, Toronto",5,80,"AH","10.6084/m9.figshare.16807258"
2021,"solo survey","full",51,2021-10-06,"Thompson Park, Toronto",5,80,"AH","10.6084/m9.figshare.16807258"
2021,"solo survey","full",52,2021-10-06,"Thompson Park, Toronto",2,90,"AH","10.6084/m9.figshare.16807258"
2021,"solo survey","full",53,2021-10-06,"Thompson Park, Toronto",2,90,"AH","10.6084/m9.figshare.16807258"
2021,"solo survey","full",54,2021-10-06,"Thompson Park, Toronto",2,90,"AH","10.6084/m9.figshare.16807258"
2021,"solo survey","full",55,2021-10-06,"Thompson Park, Toronto",4,90,"AH","10.6084/m9.figshare.16807258"
2021,"solo survey","full",56,2021-10-06,"Thompson Park, Toronto",4,90,"AH","10.6084/m9.figshare.16807258"
2021,"solo survey","full",57,2021-10-06,"Thompson Park, Toronto",4,90,"AH","10.6084/m9.figshare.16807258"
2021,"solo survey","full",58,2021-10-06,"Thompson Park, Toronto",2,90,"AH","10.6084/m9.figshare.16807258"
2021,"solo survey","full",59,2021-10-06,"Thompson Park, Toronto",2,90,"AH","10.6084/m9.figshare.16807258"
2021,"solo survey","full",60,2021-10-06,"Thompson Park, Toronto",2,90,"AH","10.6084/m9.figshare.16807258"
2021,"solo survey","full",61,2021-10-06,"Thompson Park, Toronto",3,60,"AH","10.6084/m9.figshare.16807258"
2021,"solo survey","full",62,2021-10-06,"Thompson Park, Toronto",3,60,"AH","10.6084/m9.figshare.16807258"
2021,"solo survey","full",63,2021-10-06,"Thompson Park, Toronto",3,60,"AH","10.6084/m9.figshare.16807258"
2021,"solo survey","full",64,2021-10-06,"Thompson Park, Toronto",5,80,"AH","10.6084/m9.figshare.16807258"
2021,"solo survey","full",65,2021-10-06,"Thompson Park, Toronto",5,80,"AH","10.6084/m9.figshare.16807258"
2021,"solo survey","full",66,2021-10-06,"Thompson Park, Toronto",5,80,"AH","10.6084/m9.figshare.16807258"
2021,"solo survey","full",67,2021-10-06,"Thompson Park, Toronto",2,80,"AH","10.6084/m9.figshare.16807258"
2021,"solo survey","full",68,2021-10-06,"Thompson Park, Toronto",2,80,"AH","10.6084/m9.figshare.16807258"
2021,"solo survey","full",69,2021-10-06,"Thompson Park, Toronto",2,80,"AH","10.6084/m9.figshare.16807258"
2021,"solo survey","full",70,2021-10-06,"Thompson Park, Toronto",3,60,"AH","10.6084/m9.figshare.16807258"
2021,"solo survey","full",71,2021-10-06,"Thompson Park, Toronto",3,60,"AH","10.6084/m9.figshare.16807258"
2021,"solo survey","full",72,2021-10-06,"Thompson Park, Toronto",3,60,"AH","10.6084/m9.figshare.16807258"
2021,"solo survey","full",73,2021-10-06,"Thompson Park, Toronto",5,90,"AH","10.6084/m9.figshare.16807258"
2021,"solo survey","full",74,2021-10-06,"Thompson Park, Toronto",5,90,"AH","10.6084/m9.figshare.16807258"
2021,"solo survey","full",75,2021-10-06,"Thompson Park, Toronto",5,90,"AH","10.6084/m9.figshare.16807258"
2021,"solo survey","full",76,2021-10-06,"Thompson Park, Toronto",2,20,"AH","10.6084/m9.figshare.16807258"
2021,"solo survey","full",77,2021-10-06,"Thompson Park, Toronto",2,20,"AH","10.6084/m9.figshare.16807258"
2021,"solo survey","full",78,2021-10-06,"Thompson Park, Toronto",2,20,"AH","10.6084/m9.figshare.16807258"
2021,"solo survey","full",79,2021-10-06,"Thompson Park, Toronto",3,40,"AH","10.6084/m9.figshare.16807258"
2021,"solo survey","full",80,2021-10-06,"Thompson Park, Toronto",3,40,"AH","10.6084/m9.figshare.16807258"
2021,"solo survey","full",81,2021-10-06,"Thompson Park, Toronto",3,40,"AH","10.6084/m9.figshare.16807258"
2021,"solo survey","full",82,2021-10-06,"Thompson Park, Toronto",3,60,"AH","10.6084/m9.figshare.16807258"
2021,"solo survey","full",83,2021-10-06,"Thompson Park, Toronto",3,60,"AH","10.6084/m9.figshare.16807258"
2021,"solo survey","full",84,2021-10-06,"Thompson Park, Toronto",3,60,"AH","10.6084/m9.figshare.16807258"
2021,"solo survey","full",85,2021-10-06,"Thompson Park, Toronto",2,30,"AH","10.6084/m9.figshare.16807258"
2021,"solo survey","full",86,2021-10-06,"Thompson Park, Toronto",2,30,"AH","10.6084/m9.figshare.16807258"
2021,"solo survey","full",87,2021-10-06,"Thompson Park, Toronto",2,30,"AH","10.6084/m9.figshare.16807258"
2021,"solo survey","full",88,2021-10-06,"Thompson Park, Toronto",6,80,"AH","10.6084/m9.figshare.16807258"
2021,"solo survey","full",89,2021-10-06,"Thompson Park, Toronto",6,80,"AH","10.6084/m9.figshare.16807258"
2021,"solo survey","full",90,2021-10-06,"Thompson Park, Toronto",6,80,"AH","10.6084/m9.figshare.16807258"
2021,"solo survey","full",91,2021-10-06,"Thompson Park, Toronto",3,70,"AH","10.6084/m9.figshare.16807258"
2021,"solo survey","full",92,2021-10-06,"Thompson Park, Toronto",3,70,"AH","10.6084/m9.figshare.16807258"
2021,"solo survey","full",93,2021-10-06,"Thompson Park, Toronto",3,70,"AH","10.6084/m9.figshare.16807258"
2021,"solo survey","full",94,2021-10-06,"Thompson Park, Toronto",2,40,"AH","10.6084/m9.figshare.16807258"
2021,"solo survey","full",95,2021-10-06,"Thompson Park, Toronto",2,40,"AH","10.6084/m9.figshare.16807258"
2021,"solo survey","full",96,2021-10-06,"Thompson Park, Toronto",2,40,"AH","10.6084/m9.figshare.16807258"
2021,"solo survey","full",97,2021-10-06,"Thompson Park, Toronto",4,50,"AH","10.6084/m9.figshare.16807258"
2021,"solo survey","full",98,2021-10-06,"Thompson Park, Toronto",4,50,"AH","10.6084/m9.figshare.16807258"
2021,"solo survey","full",99,2021-10-06,"Thompson Park, Toronto",4,50,"AH","10.6084/m9.figshare.16807258"
2021,"solo survey","full",100,2021-10-06,"Thompson Park, Toronto",5,70,"AH","10.6084/m9.figshare.16807258"
2021,"solo survey","full",101,2021-10-06,"Thompson Park, Toronto",5,70,"AH","10.6084/m9.figshare.16807258"
2021,"solo survey","full",102,2021-10-06,"Thompson Park, Toronto",5,70,"AH","10.6084/m9.figshare.16807258"
2021,"solo survey","full",103,2021-10-06,"Thompson Park, Toronto",5,70,"AH","10.6084/m9.figshare.16807258"
2021,"solo survey","full",104,2021-10-06,"Thompson Park, Toronto",5,70,"AH","10.6084/m9.figshare.16807258"
2021,"solo survey","full",105,2021-10-06,"Thompson Park, Toronto",5,70,"AH","10.6084/m9.figshare.16807258"
2021,"solo survey","full",106,2021-10-06,"Thompson Park, Toronto",3,50,"AH","10.6084/m9.figshare.16807258"
2021,"solo survey","full",107,2021-10-06,"Thompson Park, Toronto",3,50,"AH","10.6084/m9.figshare.16807258"
2021,"solo survey","full",108,2021-10-06,"Thompson Park, Toronto",3,50,"AH","10.6084/m9.figshare.16807258"
2021,"solo survey","full",109,2021-10-06,"Thompson Park, Toronto",4,80,"AH","10.6084/m9.figshare.16807258"
2021,"solo survey","full",110,2021-10-06,"Thompson Park, Toronto",4,80,"AH","10.6084/m9.figshare.16807258"
2021,"solo survey","full",111,2021-10-06,"Thompson Park, Toronto",4,80,"AH","10.6084/m9.figshare.16807258"
2021,"solo survey","full",112,2021-10-06,"Thompson Park, Toronto",2,30,"AH","10.6084/m9.figshare.16807258"
2021,"solo survey","full",113,2021-10-06,"Thompson Park, Toronto",2,30,"AH","10.6084/m9.figshare.16807258"
2021,"solo survey","full",114,2021-10-06,"Thompson Park, Toronto",2,30,"AH","10.6084/m9.figshare.16807258"
2021,"solo survey","full",115,2021-10-06,"Thompson Park, Toronto",2,40,"AH","10.6084/m9.figshare.16807258"
2021,"solo survey","full",116,2021-10-06,"Thompson Park, Toronto",2,40,"AH","10.6084/m9.figshare.16807258"
2021,"solo survey","full",117,2021-10-06,"Thompson Park, Toronto",2,40,"AH","10.6084/m9.figshare.16807258"
2021,"solo survey","full",118,2021-10-06,"Thompson Park, Toronto",3,60,"AH","10.6084/m9.figshare.16807258"
2021,"solo survey","full",119,2021-10-06,"Thompson Park, Toronto",3,60,"AH","10.6084/m9.figshare.16807258"
2021,"solo survey","full",120,2021-10-06,"Thompson Park, Toronto",3,60,"AH","10.6084/m9.figshare.16807258"
2021,"solo survey","full",121,2021-10-06,"Thompson Park, Toronto",6,90,"AH","10.6084/m9.figshare.16807258"
2021,"solo survey","full",122,2021-10-06,"Thompson Park, Toronto",6,90,"AH","10.6084/m9.figshare.16807258"
2021,"solo survey","full",123,2021-10-06,"Thompson Park, Toronto",6,90,"AH","10.6084/m9.figshare.16807258"
2021,"solo survey","full",124,2021-10-06,"Thompson Park, Toronto",4,80,"AH","10.6084/m9.figshare.16807258"
2021,"solo survey","full",125,2021-10-06,"Thompson Park, Toronto",4,80,"AH","10.6084/m9.figshare.16807258"
2021,"solo survey","full",126,2021-10-06,"Thompson Park, Toronto",4,80,"AH","10.6084/m9.figshare.16807258"
2021,"solo survey","full",127,2021-10-06,"Thompson Park, Toronto",5,70,"AH","10.6084/m9.figshare.16807258"
2021,"solo survey","full",128,2021-10-06,"Thompson Park, Toronto",5,70,"AH","10.6084/m9.figshare.16807258"
2021,"solo survey","full",129,2021-10-06,"Thompson Park, Toronto",5,70,"AH","10.6084/m9.figshare.16807258"
2021,"solo survey","full",130,2021-10-06,"Thompson Park, Toronto",4,80,"AH","10.6084/m9.figshare.16807258"
2021,"solo survey","full",131,2021-10-06,"Thompson Park, Toronto",4,80,"AH","10.6084/m9.figshare.16807258"
2021,"solo survey","full",132,2021-10-06,"Thompson Park, Toronto",4,80,"AH","10.6084/m9.figshare.16807258"
2021,"solo survey","full",133,2021-10-06,"Thompson Park, Toronto",6,90,"AH","10.6084/m9.figshare.16807258"
2021,"solo survey","full",134,2021-10-06,"Thompson Park, Toronto",6,90,"AH","10.6084/m9.figshare.16807258"
2021,"solo survey","full",135,2021-10-06,"Thompson Park, Toronto",6,90,"AH","10.6084/m9.figshare.16807258"
2021,"solo survey","full",136,2021-10-06,"Thompson Park, Toronto",4,70,"AH","10.6084/m9.figshare.16807258"
2021,"solo survey","full",137,2021-10-06,"Thompson Park, Toronto",4,70,"AH","10.6084/m9.figshare.16807258"
2021,"solo survey","full",138,2021-10-06,"Thompson Park, Toronto",4,70,"AH","10.6084/m9.figshare.16807258"
2021,"solo survey","full",139,2021-10-06,"Thompson Park, Toronto",2,70,"AH","10.6084/m9.figshare.16807258"
2021,"solo survey","full",140,2021-10-06,"Thompson Park, Toronto",2,70,"AH","10.6084/m9.figshare.16807258"
2021,"solo survey","full",141,2021-10-06,"Thompson Park, Toronto",2,70,"AH","10.6084/m9.figshare.16807258"
2021,"solo survey","full",142,2021-10-06,"Thompson Park, Toronto",3,40,"AH","10.6084/m9.figshare.16807258"
2021,"solo survey","full",143,2021-10-06,"Thompson Park, Toronto",3,40,"AH","10.6084/m9.figshare.16807258"
2021,"solo survey","full",144,2021-10-06,"Thompson Park, Toronto",3,40,"AH","10.6084/m9.figshare.16807258"
2021,"solo survey","full",145,2021-10-06,"Thompson Park, Toronto",2,80,"AH","10.6084/m9.figshare.16807258"
2021,"solo survey","full",146,2021-10-06,"Thompson Park, Toronto",2,80,"AH","10.6084/m9.figshare.16807258"
2021,"solo survey","full",147,2021-10-06,"Thompson Park, Toronto",2,80,"AH","10.6084/m9.figshare.16807258"
2021,"solo survey","full",1,2021-10-12,"Frank Robson Woodlot, Vaughan, ON",1,60,"AN",NA
2021,"solo survey","full",2,2021-10-12,"Frank Robson Woodlot, Vaughan, ON",1,20,"AN",NA
2021,"solo survey","full",3,2021-10-12,"Frank Robson Woodlot, Vaughan, ON",1,20,"AN",NA
2021,"solo survey","full",4,2021-10-12,"Frank Robson Woodlot, Vaughan, ON",2,100,"AN",NA
2021,"solo survey","full",5,2021-10-12,"Frank Robson Woodlot, Vaughan, ON",2,100,"AN",NA
2021,"solo survey","full",6,2021-10-12,"Frank Robson Woodlot, Vaughan, ON",1,10,"AN",NA
2021,"solo survey","full",7,2021-10-12,"Frank Robson Woodlot, Vaughan, ON",1,100,"AN",NA
2021,"solo survey","full",8,2021-10-12,"Frank Robson Woodlot, Vaughan, ON",1,100,"AN",NA
2021,"solo survey","full",9,2021-10-12,"Frank Robson Woodlot, Vaughan, ON",1,100,"AN",NA
2021,"solo survey","full",10,2021-10-12,"Frank Robson Woodlot, Vaughan, ON",1,100,"AN",NA
2021,"solo survey","full",11,2021-10-12,"Frank Robson Woodlot, Vaughan, ON",1,100,"AN",NA
2021,"solo survey","full",12,2021-10-12,"Frank Robson Woodlot, Vaughan, ON",1,100,"AN",NA
2021,"solo survey","full",13,2021-10-12,"Frank Robson Woodlot, Vaughan, ON",1,100,"AN",NA
2021,"solo survey","full",14,2021-10-12,"Frank Robson Woodlot, Vaughan, ON",1,100,"AN",NA
2021,"solo survey","full",15,2021-10-12,"Frank Robson Woodlot, Vaughan, ON",1,100,"AN",NA
2021,"solo survey","full",16,2021-10-12,"Frank Robson Woodlot, Vaughan, ON",1,100,"AN",NA
2021,"solo survey","full",17,2021-10-12,"Frank Robson Woodlot, Vaughan, ON",1,100,"AN",NA
2021,"solo survey","full",18,2021-10-12,"Frank Robson Woodlot, Vaughan, ON",1,100,"AN",NA
2021,"solo survey","full",19,2021-10-12,"Frank Robson Woodlot, Vaughan, ON",1,100,"AN",NA
2021,"solo survey","full",20,2021-10-12,"Frank Robson Woodlot, Vaughan, ON",1,100,"AN",NA
2021,"solo survey","full",21,2021-10-12,"Frank Robson Woodlot, Vaughan, ON",1,100,"AN",NA
2021,"solo survey","full",22,2021-10-13,"Michael Boyer Woodlot, Toronto",3,95,"AN",NA
2021,"solo survey","full",23,2021-10-13,"Michael Boyer Woodlot, Toronto",3,95,"AN",NA
2021,"solo survey","full",24,2021-10-13,"Michael Boyer Woodlot, Toronto",3,95,"AN",NA
2021,"solo survey","full",25,2021-10-13,"Michael Boyer Woodlot, Toronto",3,95,"AN",NA
2021,"solo survey","full",26,2021-10-13,"Michael Boyer Woodlot, Toronto",3,95,"AN",NA
2021,"solo survey","full",27,2021-10-13,"Michael Boyer Woodlot, Toronto",3,95,"AN",NA
2021,"solo survey","full",28,2021-10-13,"Michael Boyer Woodlot, Toronto",1,80,"AN",NA
2021,"solo survey","full",29,2021-10-13,"Michael Boyer Woodlot, Toronto",1,60,"AN",NA
2021,"solo survey","full",30,2021-10-13,"Michael Boyer Woodlot, Toronto",3,50,"AN",NA
2021,"solo survey","full",31,2021-10-13,"Michael Boyer Woodlot, Toronto",3,50,"AN",NA
2021,"solo survey","full",32,2021-10-13,"Michael Boyer Woodlot, Toronto",3,50,"AN",NA
2021,"solo survey","full",33,2021-10-13,"Michael Boyer Woodlot, Toronto",1,90,"AN",NA
2021,"solo survey","full",34,2021-10-13,"Michael Boyer Woodlot, Toronto",1,90,"AN",NA
2021,"solo survey","full",35,2021-10-13,"Michael Boyer Woodlot, Toronto",1,90,"AN",NA
2021,"solo survey","full",36,2021-10-13,"Michael Boyer Woodlot, Toronto",1,10,"AN",NA
2021,"solo survey","full",37,2021-10-13,"Michael Boyer Woodlot, Toronto",1,100,"AN",NA
2021,"solo survey","full",38,2021-10-13,"Michael Boyer Woodlot, Toronto",1,100,"AN",NA
2021,"solo survey","full",39,2021-10-13,"Michael Boyer Woodlot, Toronto",1,100,"AN",NA
2021,"solo survey","full",40,2021-10-13,"Michael Boyer Woodlot, Toronto",1,100,"AN",NA
2021,"solo survey","full",41,2021-10-13,"Michael Boyer Woodlot, Toronto",1,100,"AN",NA
2021,"solo survey","full",42,2021-10-13,"Michael Boyer Woodlot, Toronto",1,100,"AN",NA
2021,"solo survey","full",43,2021-10-13,"Michael Boyer Woodlot, Toronto",1,100,"AN",NA
2021,"solo survey","full",44,2021-10-13,"Michael Boyer Woodlot, Toronto",1,100,"AN",NA
2021,"solo survey","full",45,2021-10-13,"Michael Boyer Woodlot, Toronto",1,100,"AN",NA
2021,"solo survey","full",46,2021-10-13,"Michael Boyer Woodlot, Toronto",1,100,"AN",NA
2021,"solo survey","full",47,2021-10-13,"Michael Boyer Woodlot, Toronto",1,100,"AN",NA
2021,"solo survey","full",1,2021-10-10,"Sea Shore Park",NA,20,"ZW","10.6084/m9.figshare.16806970"
2021,"solo survey","full",2,2021-10-10,"Sea Shore Park",NA,20,"ZW","10.6084/m9.figshare.16806970"
2021,"solo survey","full",3,2021-10-10,"Sea Shore Park",NA,20,"ZW","10.6084/m9.figshare.16806970"
2021,"solo survey","full",4,2021-10-10,"Sea Shore Park",NA,20,"ZW","10.6084/m9.figshare.16806970"
2021,"solo survey","full",5,2021-10-10,"Sea Shore Park",NA,20,"ZW","10.6084/m9.figshare.16806970"
2021,"solo survey","full",6,2021-10-10,"Sea Shore Park",NA,20,"ZW","10.6084/m9.figshare.16806970"
2021,"solo survey","full",7,2021-10-10,"Sea Shore Park",NA,20,"ZW","10.6084/m9.figshare.16806970"
2021,"solo survey","full",8,2021-10-10,"Sea Shore Park",NA,20,"ZW","10.6084/m9.figshare.16806970"
2021,"solo survey","full",9,2021-10-10,"Sea Shore Park",NA,20,"ZW","10.6084/m9.figshare.16806970"
2021,"solo survey","full",10,2021-10-10,"Sea Shore Park",NA,20,"ZW","10.6084/m9.figshare.16806970"
2021,"solo survey","full",11,2021-10-10,"Sea Shore Park",NA,20,"ZW","10.6084/m9.figshare.16806970"
2021,"solo survey","full",12,2021-10-10,"Sea Shore Park",NA,20,"ZW","10.6084/m9.figshare.16806970"
2021,"solo survey","full",13,2021-10-10,"Sea Shore Park",NA,20,"ZW","10.6084/m9.figshare.16806970"
2021,"solo survey","full",14,2021-10-10,"Sea Shore Park",NA,20,"ZW","10.6084/m9.figshare.16806970"
2021,"solo survey","full",15,2021-10-10,"Sea Shore Park",NA,20,"ZW","10.6084/m9.figshare.16806970"
2021,"solo survey","full",16,2021-10-10,"Sea Shore Park",NA,20,"ZW","10.6084/m9.figshare.16806970"
2021,"solo survey","full",17,2021-10-10,"Sea Shore Park",NA,20,"ZW","10.6084/m9.figshare.16806970"
2021,"solo survey","full",18,2021-10-10,"Sea Shore Park",NA,20,"ZW","10.6084/m9.figshare.16806970"
2021,"solo survey","full",19,2021-10-10,"Sea Shore Park",NA,20,"ZW","10.6084/m9.figshare.16806970"
2021,"solo survey","full",20,2021-10-10,"Sea Shore Park",NA,20,"ZW","10.6084/m9.figshare.16806970"
2021,"solo survey","full",21,2021-10-10,"Sea Shore Park",NA,20,"ZW","10.6084/m9.figshare.16806970"
2021,"solo survey","full",22,2021-10-10,"Sea Shore Park",NA,20,"ZW","10.6084/m9.figshare.16806970"
2021,"solo survey","full",23,2021-10-10,"Sea Shore Park",NA,20,"ZW","10.6084/m9.figshare.16806970"
2021,"solo survey","full",24,2021-10-10,"Sea Shore Park",NA,20,"ZW","10.6084/m9.figshare.16806970"
2021,"solo survey","full",25,2021-10-10,"Sea Shore Park",NA,20,"ZW","10.6084/m9.figshare.16806970"
2021,"solo survey","full",26,2021-10-10,"Sea Shore Park",NA,20,"ZW","10.6084/m9.figshare.16806970"
2021,"solo survey","full",27,2021-10-10,"Sea Shore Park",NA,20,"ZW","10.6084/m9.figshare.16806970"
2021,"solo survey","full",28,2021-10-10,"Sea Shore Park",NA,20,"ZW","10.6084/m9.figshare.16806970"
2021,"solo survey","full",29,2021-10-10,"Sea Shore Park",NA,20,"ZW","10.6084/m9.figshare.16806970"
2021,"solo survey","full",30,2021-10-10,"Sea Shore Park",NA,20,"ZW","10.6084/m9.figshare.16806970"
2021,"solo survey","full",31,2021-10-10,"Sea Shore Park",NA,20,"ZW","10.6084/m9.figshare.16806970"
2021,"solo survey","full",32,2021-10-10,"Sea Shore Park",NA,20,"ZW","10.6084/m9.figshare.16806970"
2021,"solo survey","full",33,2021-10-10,"Sea Shore Park",NA,20,"ZW","10.6084/m9.figshare.16806970"
2021,"solo survey","full",34,2021-10-10,"Sea Shore Park",NA,20,"ZW","10.6084/m9.figshare.16806970"
2021,"solo survey","full",35,2021-10-10,"Sea Shore Park",NA,20,"ZW","10.6084/m9.figshare.16806970"
2021,"solo survey","full",36,2021-10-10,"Sea Shore Park",NA,20,"ZW","10.6084/m9.figshare.16806970"
2021,"solo survey","full",37,2021-10-10,"Sea Shore Park",NA,42.5,"ZW","10.6084/m9.figshare.16806970"
2021,"solo survey","full",38,2021-10-10,"Sea Shore Park",NA,42.5,"ZW","10.6084/m9.figshare.16806970"
2021,"solo survey","full",39,2021-10-10,"Sea Shore Park",NA,42.5,"ZW","10.6084/m9.figshare.16806970"
2021,"solo survey","full",40,2021-10-10,"Sea Shore Park",NA,42.5,"ZW","10.6084/m9.figshare.16806970"
2021,"solo survey","full",41,2021-10-10,"Sea Shore Park",NA,42.5,"ZW","10.6084/m9.figshare.16806970"
2021,"solo survey","full",42,2021-10-10,"Sea Shore Park",NA,42.5,"ZW","10.6084/m9.figshare.16806970"
2021,"solo survey","full",43,2021-10-10,"Sea Shore Park",NA,42.5,"ZW","10.6084/m9.figshare.16806970"
2021,"solo survey","full",44,2021-10-10,"Sea Shore Park",NA,42.5,"ZW","10.6084/m9.figshare.16806970"
2021,"solo survey","full",45,2021-10-10,"Sea Shore Park",NA,42.5,"ZW","10.6084/m9.figshare.16806970"
2021,"solo survey","full",46,2021-10-10,"Sea Shore Park",NA,42.5,"ZW","10.6084/m9.figshare.16806970"
2021,"solo survey","full",47,2021-10-10,"Sea Shore Park",NA,42.5,"ZW","10.6084/m9.figshare.16806970"
2021,"solo survey","full",48,2021-10-10,"Sea Shore Park",NA,42.5,"ZW","10.6084/m9.figshare.16806970"
2021,"solo survey","full",49,2021-10-10,"Sea Shore Park",NA,42.5,"ZW","10.6084/m9.figshare.16806970"
2021,"solo survey","full",50,2021-10-10,"Sea Shore Park",NA,42.5,"ZW","10.6084/m9.figshare.16806970"
2021,"solo survey","full",51,2021-10-10,"Sea Shore Park",NA,42.5,"ZW","10.6084/m9.figshare.16806970"
2021,"solo survey","full",52,2021-10-10,"Sea Shore Park",NA,42.5,"ZW","10.6084/m9.figshare.16806970"
2021,"solo survey","full",53,2021-10-10,"Sea Shore Park",NA,42.5,"ZW","10.6084/m9.figshare.16806970"
2021,"solo survey","full",54,2021-10-10,"Sea Shore Park",NA,42.5,"ZW","10.6084/m9.figshare.16806970"
2021,"solo survey","full",55,2021-10-10,"Sea Shore Park",NA,42.5,"ZW","10.6084/m9.figshare.16806970"
2021,"solo survey","full",56,2021-10-10,"Sea Shore Park",NA,42.5,"ZW","10.6084/m9.figshare.16806970"
2021,"solo survey","full",57,2021-10-10,"Sea Shore Park",NA,42.5,"ZW","10.6084/m9.figshare.16806970"
2021,"solo survey","full",58,2021-10-10,"Sea Shore Park",NA,42.5,"ZW","10.6084/m9.figshare.16806970"
2021,"solo survey","full",59,2021-10-10,"Sea Shore Park",NA,42.5,"ZW","10.6084/m9.figshare.16806970"
2021,"solo survey","full",60,2021-10-10,"Sea Shore Park",NA,42.5,"ZW","10.6084/m9.figshare.16806970"
2021,"solo survey","full",61,2021-10-10,"Sea Shore Park",NA,42.5,"ZW","10.6084/m9.figshare.16806970"
2021,"solo survey","full",62,2021-10-10,"Sea Shore Park",NA,42.5,"ZW","10.6084/m9.figshare.16806970"
2021,"solo survey","full",63,2021-10-10,"Sea Shore Park",NA,42.5,"ZW","10.6084/m9.figshare.16806970"
2021,"solo survey","full",64,2021-10-10,"Sea Shore Park",NA,42.5,"ZW","10.6084/m9.figshare.16806970"
2021,"solo survey","full",65,2021-10-10,"Sea Shore Park",NA,42.5,"ZW","10.6084/m9.figshare.16806970"
2021,"solo survey","full",66,2021-10-10,"Sea Shore Park",NA,42.5,"ZW","10.6084/m9.figshare.16806970"
2021,"solo survey","full",67,2021-10-10,"Sea Shore Park",NA,90,"ZW","10.6084/m9.figshare.16806970"
2021,"solo survey","full",68,2021-10-10,"Sea Shore Park",NA,90,"ZW","10.6084/m9.figshare.16806970"
2021,"solo survey","full",69,2021-10-10,"Sea Shore Park",NA,90,"ZW","10.6084/m9.figshare.16806970"
2021,"solo survey","full",70,2021-10-10,"Sea Shore Park",NA,90,"ZW","10.6084/m9.figshare.16806970"
2021,"solo survey","full",71,2021-10-10,"Sea Shore Park",NA,90,"ZW","10.6084/m9.figshare.16806970"
2021,"solo survey","full",72,2021-10-10,"Sea Shore Park",NA,90,"ZW","10.6084/m9.figshare.16806970"
2021,"solo survey","full",73,2021-10-10,"Sea Shore Park",NA,20,"ZW","10.6084/m9.figshare.16806970"
2021,"solo survey","full",74,2021-10-10,"Sea Shore Park",NA,20,"ZW","10.6084/m9.figshare.16806970"
2021,"solo survey","full",75,2021-10-10,"Sea Shore Park",NA,20,"ZW","10.6084/m9.figshare.16806970"
2021,"solo survey","full",76,2021-10-10,"Sea Shore Park",NA,90,"ZW","10.6084/m9.figshare.16806970"
2021,"solo survey","full",77,2021-10-10,"Sea Shore Park",NA,90,"ZW","10.6084/m9.figshare.16806970"
2021,"solo survey","full",78,2021-10-10,"Sea Shore Park",NA,90,"ZW","10.6084/m9.figshare.16806970"
2021,"solo survey","full",79,2021-10-10,"Sea Shore Park",NA,20,"ZW","10.6084/m9.figshare.16806970"
2021,"solo survey","full",80,2021-10-10,"Sea Shore Park",NA,20,"ZW","10.6084/m9.figshare.16806970"
2021,"solo survey","full",81,2021-10-10,"Sea Shore Park",NA,20,"ZW","10.6084/m9.figshare.16806970"
2021,"solo survey","full",82,2021-10-10,"Sea Shore Park",NA,20,"ZW","10.6084/m9.figshare.16806970"
2021,"solo survey","full",83,2021-10-10,"Sea Shore Park",NA,20,"ZW","10.6084/m9.figshare.16806970"
2021,"solo survey","full",84,2021-10-10,"Sea Shore Park",NA,20,"ZW","10.6084/m9.figshare.16806970"
2021,"solo survey","full",85,2021-10-10,"Sea Shore Park",NA,20,"ZW","10.6084/m9.figshare.16806970"
2021,"solo survey","full",86,2021-10-10,"Sea Shore Park",NA,20,"ZW","10.6084/m9.figshare.16806970"
2021,"solo survey","full",87,2021-10-10,"Sea Shore Park",NA,20,"ZW","10.6084/m9.figshare.16806970"
2021,"solo survey","full",88,2021-10-10,"Sea Shore Park",NA,42.5,"ZW","10.6084/m9.figshare.16806970"
2021,"solo survey","full",89,2021-10-10,"Sea Shore Park",NA,42.5,"ZW","10.6084/m9.figshare.16806970"
2021,"solo survey","full",90,2021-10-10,"Sea Shore Park",NA,42.5,"ZW","10.6084/m9.figshare.16806970"
2021,"solo survey","full",91,2021-10-10,"Sea Shore Park",NA,42.5,"ZW","10.6084/m9.figshare.16806970"
2021,"solo survey","full",92,2021-10-10,"Sea Shore Park",NA,42.5,"ZW","10.6084/m9.figshare.16806970"
2021,"solo survey","full",93,2021-10-10,"Sea Shore Park",NA,42.5,"ZW","10.6084/m9.figshare.16806970"
2021,"solo survey","full",94,2021-10-10,"Sea Shore Park",NA,55,"ZW","10.6084/m9.figshare.16806970"
2021,"solo survey","full",95,2021-10-10,"Sea Shore Park",NA,55,"ZW","10.6084/m9.figshare.16806970"
2021,"solo survey","full",96,2021-10-10,"Sea Shore Park",NA,55,"ZW","10.6084/m9.figshare.16806970"
2021,"solo survey","full",97,2021-10-10,"Sea Shore Park",NA,55,"ZW","10.6084/m9.figshare.16806970"
2021,"solo survey","full",98,2021-10-10,"Sea Shore Park",NA,55,"ZW","10.6084/m9.figshare.16806970"
2021,"solo survey","full",99,2021-10-10,"Sea Shore Park",NA,55,"ZW","10.6084/m9.figshare.16806970"
2021,"solo survey","full",100,2021-10-10,"Sea Shore Park",NA,67.5,"ZW","10.6084/m9.figshare.16806970"
2021,"solo survey","full",101,2021-10-10,"Sea Shore Park",NA,67.5,"ZW","10.6084/m9.figshare.16806970"
2021,"solo survey","full",102,2021-10-10,"Sea Shore Park",NA,67.5,"ZW","10.6084/m9.figshare.16806970"
2021,"solo survey","full",103,2021-10-10,"Sea Shore Park",NA,67.5,"ZW","10.6084/m9.figshare.16806970"
2021,"solo survey","full",104,2021-10-10,"Sea Shore Park",NA,67.5,"ZW","10.6084/m9.figshare.16806970"
2021,"solo survey","full",105,2021-10-10,"Sea Shore Park",NA,67.5,"ZW","10.6084/m9.figshare.16806970"
2021,"solo survey","full",106,2021-10-10,"Sea Shore Park",NA,90,"ZW","10.6084/m9.figshare.16806970"
2021,"solo survey","full",107,2021-10-10,"Sea Shore Park",NA,90,"ZW","10.6084/m9.figshare.16806970"
2021,"solo survey","full",108,2021-10-10,"Sea Shore Park",NA,90,"ZW","10.6084/m9.figshare.16806970"
2021,"solo survey","full",109,2021-10-10,"Sea Shore Park",NA,77.5,"ZW","10.6084/m9.figshare.16806970"
2021,"solo survey","full",110,2021-10-10,"Sea Shore Park",NA,77.5,"ZW","10.6084/m9.figshare.16806970"
2021,"solo survey","full",111,2021-10-10,"Sea Shore Park",NA,77.5,"ZW","10.6084/m9.figshare.16806970"
2021,"solo survey","full",112,2021-10-10,"Sea Shore Park",NA,55,"ZW","10.6084/m9.figshare.16806970"
2021,"solo survey","full",113,2021-10-10,"Sea Shore Park",NA,55,"ZW","10.6084/m9.figshare.16806970"
2021,"solo survey","full",114,2021-10-10,"Sea Shore Park",NA,55,"ZW","10.6084/m9.figshare.16806970"
2021,"solo survey","full",115,2021-10-10,"Sea Shore Park",NA,67.5,"ZW","10.6084/m9.figshare.16806970"
2021,"solo survey","full",116,2021-10-10,"Sea Shore Park",NA,67.5,"ZW","10.6084/m9.figshare.16806970"
2021,"solo survey","full",117,2021-10-10,"Sea Shore Park",NA,67.5,"ZW","10.6084/m9.figshare.16806970"
2021,"solo survey","full",118,2021-10-10,"Sea Shore Park",NA,45,"ZW","10.6084/m9.figshare.16806970"
2021,"solo survey","full",119,2021-10-10,"Sea Shore Park",NA,45,"ZW","10.6084/m9.figshare.16806970"
2021,"solo survey","full",120,2021-10-10,"Sea Shore Park",NA,45,"ZW","10.6084/m9.figshare.16806970"
2021,"solo survey","full",121,2021-10-10,"Sea Shore Park",NA,45,"ZW","10.6084/m9.figshare.16806970"
2021,"solo survey","full",122,2021-10-10,"Sea Shore Park",NA,45,"ZW","10.6084/m9.figshare.16806970"
2021,"solo survey","full",123,2021-10-10,"Sea Shore Park",NA,45,"ZW","10.6084/m9.figshare.16806970"
2021,"solo survey","full",124,2021-10-10,"Sea Shore Park",NA,90,"ZW","10.6084/m9.figshare.16806970"
2021,"solo survey","full",125,2021-10-10,"Sea Shore Park",NA,90,"ZW","10.6084/m9.figshare.16806970"
2021,"solo survey","full",126,2021-10-10,"Sea Shore Park",NA,90,"ZW","10.6084/m9.figshare.16806970"
2021,"solo survey","full",127,2021-10-10,"Sea Shore Park",NA,90,"ZW","10.6084/m9.figshare.16806970"
2021,"solo survey","full",128,2021-10-10,"Sea Shore Park",NA,90,"ZW","10.6084/m9.figshare.16806970"
2021,"solo survey","full",129,2021-10-10,"Sea Shore Park",NA,90,"ZW","10.6084/m9.figshare.16806970"
2021,"solo survey","full",130,2021-10-10,"Sea Shore Park",NA,67.5,"ZW","10.6084/m9.figshare.16806970"
2021,"solo survey","full",131,2021-10-10,"Sea Shore Park",NA,67.5,"ZW","10.6084/m9.figshare.16806970"
2021,"solo survey","full",132,2021-10-10,"Sea Shore Park",NA,67.5,"ZW","10.6084/m9.figshare.16806970"
2021,"solo survey","full",133,2021-10-10,"Sea Shore Park",NA,55,"ZW","10.6084/m9.figshare.16806970"
2021,"solo survey","full",134,2021-10-10,"Sea Shore Park",NA,55,"ZW","10.6084/m9.figshare.16806970"
2021,"solo survey","full",135,2021-10-10,"Sea Shore Park",NA,55,"ZW","10.6084/m9.figshare.16806970"
2021,"solo survey","full",136,2021-10-10,"Sea Shore Park",NA,55,"ZW","10.6084/m9.figshare.16806970"
2021,"solo survey","full",137,2021-10-10,"Sea Shore Park",NA,55,"ZW","10.6084/m9.figshare.16806970"
2021,"solo survey","full",138,2021-10-10,"Sea Shore Park",NA,55,"ZW","10.6084/m9.figshare.16806970"
2021,"solo survey","full",139,2021-10-10,"Sea Shore Park",NA,55,"ZW","10.6084/m9.figshare.16806970"
2021,"solo survey","full",140,2021-10-10,"Sea Shore Park",NA,55,"ZW","10.6084/m9.figshare.16806970"
2021,"solo survey","full",141,2021-10-10,"Sea Shore Park",NA,55,"ZW","10.6084/m9.figshare.16806970"
2021,"solo survey","full",142,2021-10-10,"Sea Shore Park",NA,42.5,"ZW","10.6084/m9.figshare.16806970"
2021,"solo survey","full",143,2021-10-10,"Sea Shore Park",NA,42.5,"ZW","10.6084/m9.figshare.16806970"
2021,"solo survey","full",144,2021-10-10,"Sea Shore Park",NA,42.5,"ZW","10.6084/m9.figshare.16806970"
2021,"solo survey","full",145,2021-10-10,"Sea Shore Park",NA,42.5,"ZW","10.6084/m9.figshare.16806970"
2021,"solo survey","full",146,2021-10-10,"Sea Shore Park",NA,42.5,"ZW","10.6084/m9.figshare.16806970"
2021,"solo survey","full",147,2021-10-10,"Sea Shore Park",NA,42.5,"ZW","10.6084/m9.figshare.16806970"
2021,"solo survey","full",148,2021-10-10,"Sea Shore Park",NA,67.5,"ZW","10.6084/m9.figshare.16806970"
2021,"solo survey","full",149,2021-10-10,"Sea Shore Park",NA,67.5,"ZW","10.6084/m9.figshare.16806970"
2021,"solo survey","full",150,2021-10-10,"Sea Shore Park",NA,67.5,"ZW","10.6084/m9.figshare.16806970"
2021,"solo survey","full",151,2021-10-10,"Sea Shore Park",NA,67.5,"ZW","10.6084/m9.figshare.16806970"
2021,"solo survey","full",152,2021-10-10,"Sea Shore Park",NA,67.5,"ZW","10.6084/m9.figshare.16806970"
2021,"solo survey","full",153,2021-10-10,"Sea Shore Park",NA,67.5,"ZW","10.6084/m9.figshare.16806970"
2021,"solo survey","full",154,2021-10-10,"Sea Shore Park",NA,67.5,"ZW","10.6084/m9.figshare.16806970"
2021,"solo survey","full",155,2021-10-10,"Sea Shore Park",NA,67.5,"ZW","10.6084/m9.figshare.16806970"
2021,"solo survey","full",156,2021-10-10,"Sea Shore Park",NA,67.5,"ZW","10.6084/m9.figshare.16806970"
2021,"solo survey","full",157,2021-10-10,"Sea Shore Park",NA,67.5,"ZW","10.6084/m9.figshare.16806970"
2021,"solo survey","full",158,2021-10-10,"Sea Shore Park",NA,67.5,"ZW","10.6084/m9.figshare.16806970"
2021,"solo survey","full",159,2021-10-10,"Sea Shore Park",NA,67.5,"ZW","10.6084/m9.figshare.16806970"
2021,"solo survey","full",160,2021-10-10,"Sea Shore Park",NA,67.5,"ZW","10.6084/m9.figshare.16806970"
2021,"solo survey","full",161,2021-10-10,"Sea Shore Park",NA,67.5,"ZW","10.6084/m9.figshare.16806970"
2021,"solo survey","full",162,2021-10-10,"Sea Shore Park",NA,67.5,"ZW","10.6084/m9.figshare.16806970"
2021,"solo survey","full",163,2021-10-10,"Sea Shore Park",NA,42.5,"ZW","10.6084/m9.figshare.16806970"
2021,"solo survey","full",164,2021-10-10,"Sea Shore Park",NA,42.5,"ZW","10.6084/m9.figshare.16806970"
2021,"solo survey","full",165,2021-10-10,"Sea Shore Park",NA,42.5,"ZW","10.6084/m9.figshare.16806970"
2021,"solo survey","full",166,2021-10-10,"Sea Shore Park",NA,42.5,"ZW","10.6084/m9.figshare.16806970"
2021,"solo survey","full",167,2021-10-10,"Sea Shore Park",NA,42.5,"ZW","10.6084/m9.figshare.16806970"
2021,"solo survey","full",168,2021-10-10,"Sea Shore Park",NA,42.5,"ZW","10.6084/m9.figshare.16806970"
2021,"solo survey","full",169,2021-10-10,"Sea Shore Park",NA,42.5,"ZW","10.6084/m9.figshare.16806970"
2021,"solo survey","full",170,2021-10-10,"Sea Shore Park",NA,42.5,"ZW","10.6084/m9.figshare.16806970"
2021,"solo survey","full",171,2021-10-10,"Sea Shore Park",NA,42.5,"ZW","10.6084/m9.figshare.16806970"
2021,"solo survey","full",172,2021-10-10,"Sea Shore Park",NA,42.5,"ZW","10.6084/m9.figshare.16806970"
2021,"solo survey","full",173,2021-10-10,"Sea Shore Park",NA,42.5,"ZW","10.6084/m9.figshare.16806970"
2021,"solo survey","full",174,2021-10-10,"Sea Shore Park",NA,42.5,"ZW","10.6084/m9.figshare.16806970"
2021,"solo survey","full",175,2021-10-10,"Sea Shore Park",NA,42.5,"ZW","10.6084/m9.figshare.16806970"
2021,"solo survey","full",176,2021-10-10,"Sea Shore Park",NA,42.5,"ZW","10.6084/m9.figshare.16806970"
2021,"solo survey","full",177,2021-10-10,"Sea Shore Park",NA,42.5,"ZW","10.6084/m9.figshare.16806970"
2021,"solo survey","full",178,2021-10-10,"Sea Shore Park",NA,42.5,"ZW","10.6084/m9.figshare.16806970"
2021,"solo survey","full",179,2021-10-10,"Sea Shore Park",NA,42.5,"ZW","10.6084/m9.figshare.16806970"
2021,"solo survey","full",180,2021-10-10,"Sea Shore Park",NA,42.5,"ZW","10.6084/m9.figshare.16806970"
2021,"solo survey","full",181,2021-10-10,"Sea Shore Park",NA,42.5,"ZW","10.6084/m9.figshare.16806970"
2021,"solo survey","full",182,2021-10-10,"Sea Shore Park",NA,42.5,"ZW","10.6084/m9.figshare.16806970"
2021,"solo survey","full",183,2021-10-10,"Sea Shore Park",NA,42.5,"ZW","10.6084/m9.figshare.16806970"
2021,"solo survey","full",184,2021-10-10,"Sea Shore Park",NA,42.5,"ZW","10.6084/m9.figshare.16806970"
2021,"solo survey","full",185,2021-10-10,"Sea Shore Park",NA,42.5,"ZW","10.6084/m9.figshare.16806970"
2021,"solo survey","full",186,2021-10-10,"Sea Shore Park",NA,42.5,"ZW","10.6084/m9.figshare.16806970"
2021,"solo survey","full",187,2021-10-10,"Sea Shore Park",NA,20,"ZW","10.6084/m9.figshare.16806970"
2021,"solo survey","full",188,2021-10-10,"Sea Shore Park",NA,20,"ZW","10.6084/m9.figshare.16806970"
2021,"solo survey","full",189,2021-10-10,"Sea Shore Park",NA,20,"ZW","10.6084/m9.figshare.16806970"
2021,"solo survey","full",190,2021-10-10,"Sea Shore Park",NA,20,"ZW","10.6084/m9.figshare.16806970"
2021,"solo survey","full",191,2021-10-10,"Sea Shore Park",NA,20,"ZW","10.6084/m9.figshare.16806970"
2021,"solo survey","full",192,2021-10-10,"Sea Shore Park",NA,20,"ZW","10.6084/m9.figshare.16806970"
2021,"solo survey","full",193,2021-10-10,"Sea Shore Park",NA,20,"ZW","10.6084/m9.figshare.16806970"
2021,"solo survey","full",194,2021-10-10,"Sea Shore Park",NA,20,"ZW","10.6084/m9.figshare.16806970"
2021,"solo survey","full",195,2021-10-10,"Sea Shore Park",NA,20,"ZW","10.6084/m9.figshare.16806970"
2021,"solo survey","full",196,2021-10-10,"Sea Shore Park",NA,20,"ZW","10.6084/m9.figshare.16806970"
2021,"solo survey","full",197,2021-10-10,"Sea Shore Park",NA,20,"ZW","10.6084/m9.figshare.16806970"
2021,"solo survey","full",198,2021-10-10,"Sea Shore Park",NA,20,"ZW","10.6084/m9.figshare.16806970"
2021,"solo survey","full",199,2021-10-10,"Sea Shore Park",NA,20,"ZW","10.6084/m9.figshare.16806970"
2021,"solo survey","full",200,2021-10-10,"Sea Shore Park",NA,20,"ZW","10.6084/m9.figshare.16806970"
2021,"solo survey","full",201,2021-10-10,"Sea Shore Park",NA,20,"ZW","10.6084/m9.figshare.16806970"
2021,"solo survey","full",202,2021-10-10,"Sea Shore Park",NA,20,"ZW","10.6084/m9.figshare.16806970"
2021,"solo survey","full",203,2021-10-10,"Sea Shore Park",NA,20,"ZW","10.6084/m9.figshare.16806970"
2021,"solo survey","full",204,2021-10-10,"Sea Shore Park",NA,20,"ZW","10.6084/m9.figshare.16806970"
2021,"solo survey","full",205,2021-10-10,"Sea Shore Park",NA,20,"ZW","10.6084/m9.figshare.16806970"
2021,"solo survey","full",206,2021-10-10,"Sea Shore Park",NA,20,"ZW","10.6084/m9.figshare.16806970"
2021,"solo survey","full",207,2021-10-10,"Sea Shore Park",NA,20,"ZW","10.6084/m9.figshare.16806970"
2021,"solo survey","full",208,2021-10-10,"Sea Shore Park",NA,20,"ZW","10.6084/m9.figshare.16806970"
2021,"solo survey","full",209,2021-10-10,"Sea Shore Park",NA,20,"ZW","10.6084/m9.figshare.16806970"
2021,"solo survey","full",210,2021-10-10,"Sea Shore Park",NA,20,"ZW","10.6084/m9.figshare.16806970"
2021,"solo survey","full",211,2021-10-10,"Sea Shore Park",NA,42.5,"ZW","10.6084/m9.figshare.16806970"
2021,"solo survey","full",212,2021-10-10,"Sea Shore Park",NA,42.5,"ZW","10.6084/m9.figshare.16806970"
2021,"solo survey","full",213,2021-10-10,"Sea Shore Park",NA,42.5,"ZW","10.6084/m9.figshare.16806970"
2021,"solo survey","full",214,2021-10-10,"Sea Shore Park",NA,42.5,"ZW","10.6084/m9.figshare.16806970"
2021,"solo survey","full",215,2021-10-10,"Sea Shore Park",NA,42.5,"ZW","10.6084/m9.figshare.16806970"
2021,"solo survey","full",216,2021-10-10,"Sea Shore Park",NA,42.5,"ZW","10.6084/m9.figshare.16806970"
2021,"solo survey","full",217,2021-10-10,"Sea Shore Park",NA,42.5,"ZW","10.6084/m9.figshare.16806970"
2021,"solo survey","full",218,2021-10-10,"Sea Shore Park",NA,42.5,"ZW","10.6084/m9.figshare.16806970"
2021,"solo survey","full",219,2021-10-10,"Sea Shore Park",NA,42.5,"ZW","10.6084/m9.figshare.16806970"
2021,"solo survey","full",220,2021-10-10,"Sea Shore Park",NA,42.5,"ZW","10.6084/m9.figshare.16806970"
2021,"solo survey","full",221,2021-10-10,"Sea Shore Park",NA,42.5,"ZW","10.6084/m9.figshare.16806970"
2021,"solo survey","full",222,2021-10-10,"Sea Shore Park",NA,42.5,"ZW","10.6084/m9.figshare.16806970"
2021,"solo survey","full",223,2021-10-10,"Sea Shore Park",NA,42.5,"ZW","10.6084/m9.figshare.16806970"
2021,"solo survey","full",224,2021-10-10,"Sea Shore Park",NA,42.5,"ZW","10.6084/m9.figshare.16806970"
2021,"solo survey","full",225,2021-10-10,"Sea Shore Park",NA,42.5,"ZW","10.6084/m9.figshare.16806970"
2021,"solo survey","full",226,2021-10-10,"Sea Shore Park",NA,42.5,"ZW","10.6084/m9.figshare.16806970"
2021,"solo survey","full",227,2021-10-10,"Sea Shore Park",NA,42.5,"ZW","10.6084/m9.figshare.16806970"
2021,"solo survey","full",228,2021-10-10,"Sea Shore Park",NA,42.5,"ZW","10.6084/m9.figshare.16806970"
2021,"solo survey","full",229,2021-10-10,"Sea Shore Park",NA,42.5,"ZW","10.6084/m9.figshare.16806970"
2021,"solo survey","full",230,2021-10-10,"Sea Shore Park",NA,42.5,"ZW","10.6084/m9.figshare.16806970"
2021,"solo survey","full",231,2021-10-10,"Sea Shore Park",NA,42.5,"ZW","10.6084/m9.figshare.16806970"
2021,"solo survey","full",232,2021-10-10,"Sea Shore Park",NA,42.5,"ZW","10.6084/m9.figshare.16806970"
2021,"solo survey","full",233,2021-10-10,"Sea Shore Park",NA,42.5,"ZW","10.6084/m9.figshare.16806970"
2021,"solo survey","full",234,2021-10-10,"Sea Shore Park",NA,42.5,"ZW","10.6084/m9.figshare.16806970"
2021,"solo survey","full",235,2021-10-10,"Sea Shore Park",NA,67.5,"ZW","10.6084/m9.figshare.16806970"
2021,"solo survey","full",236,2021-10-10,"Sea Shore Park",NA,67.5,"ZW","10.6084/m9.figshare.16806970"
2021,"solo survey","full",237,2021-10-10,"Sea Shore Park",NA,67.5,"ZW","10.6084/m9.figshare.16806970"
2021,"solo survey","full",238,2021-10-10,"Sea Shore Park",NA,67.5,"ZW","10.6084/m9.figshare.16806970"
2021,"solo survey","full",239,2021-10-10,"Sea Shore Park",NA,67.5,"ZW","10.6084/m9.figshare.16806970"
2021,"solo survey","full",240,2021-10-10,"Sea Shore Park",NA,67.5,"ZW","10.6084/m9.figshare.16806970"
2021,"solo survey","full",241,2021-10-10,"Sea Shore Park",NA,67.5,"ZW","10.6084/m9.figshare.16806970"
2021,"solo survey","full",242,2021-10-10,"Sea Shore Park",NA,67.5,"ZW","10.6084/m9.figshare.16806970"
2021,"solo survey","full",243,2021-10-10,"Sea Shore Park",NA,67.5,"ZW","10.6084/m9.figshare.16806970"
2021,"solo survey","full",244,2021-10-10,"Sea Shore Park",NA,67.5,"ZW","10.6084/m9.figshare.16806970"
2021,"solo survey","full",245,2021-10-10,"Sea Shore Park",NA,67.5,"ZW","10.6084/m9.figshare.16806970"
2021,"solo survey","full",246,2021-10-10,"Sea Shore Park",NA,67.5,"ZW","10.6084/m9.figshare.16806970"
2021,"solo survey","full",247,2021-10-10,"Sea Shore Park",NA,67.5,"ZW","10.6084/m9.figshare.16806970"
2021,"solo survey","full",248,2021-10-10,"Sea Shore Park",NA,67.5,"ZW","10.6084/m9.figshare.16806970"
2021,"solo survey","full",249,2021-10-10,"Sea Shore Park",NA,67.5,"ZW","10.6084/m9.figshare.16806970"
2021,"solo survey","full",250,2021-10-10,"Sea Shore Park",NA,67.5,"ZW","10.6084/m9.figshare.16806970"
2021,"solo survey","full",251,2021-10-10,"Sea Shore Park",NA,67.5,"ZW","10.6084/m9.figshare.16806970"
2021,"solo survey","full",252,2021-10-10,"Sea Shore Park",NA,67.5,"ZW","10.6084/m9.figshare.16806970"
2021,"solo survey","full",253,2021-10-10,"Sea Shore Park",NA,67.5,"ZW","10.6084/m9.figshare.16806970"
2021,"solo survey","full",254,2021-10-10,"Sea Shore Park",NA,67.5,"ZW","10.6084/m9.figshare.16806970"
2021,"solo survey","full",255,2021-10-10,"Sea Shore Park",NA,67.5,"ZW","10.6084/m9.figshare.16806970"
2021,"solo survey","full",256,2021-10-10,"Sea Shore Park",NA,42.5,"ZW","10.6084/m9.figshare.16806970"
2021,"solo survey","full",257,2021-10-10,"Sea Shore Park",NA,42.5,"ZW","10.6084/m9.figshare.16806970"
2021,"solo survey","full",258,2021-10-10,"Sea Shore Park",NA,42.5,"ZW","10.6084/m9.figshare.16806970"
2021,"solo survey","full",259,2021-10-10,"Sea Shore Park",NA,42.5,"ZW","10.6084/m9.figshare.16806970"
2021,"solo survey","full",260,2021-10-10,"Sea Shore Park",NA,42.5,"ZW","10.6084/m9.figshare.16806970"
2021,"solo survey","full",261,2021-10-10,"Sea Shore Park",NA,42.5,"ZW","10.6084/m9.figshare.16806970"
2021,"solo survey","full",262,2021-10-10,"Sea Shore Park",NA,42.5,"ZW","10.6084/m9.figshare.16806970"
2021,"solo survey","full",263,2021-10-10,"Sea Shore Park",NA,42.5,"ZW","10.6084/m9.figshare.16806970"
2021,"solo survey","full",264,2021-10-10,"Sea Shore Park",NA,42.5,"ZW","10.6084/m9.figshare.16806970"
2021,"solo survey","full",265,2021-10-10,"Sea Shore Park",NA,42.5,"ZW","10.6084/m9.figshare.16806970"
2021,"solo survey","full",266,2021-10-10,"Sea Shore Park",NA,42.5,"ZW","10.6084/m9.figshare.16806970"
2021,"solo survey","full",267,2021-10-10,"Sea Shore Park",NA,42.5,"ZW","10.6084/m9.figshare.16806970"
2021,"solo survey","full",268,2021-10-10,"Sea Shore Park",NA,42.5,"ZW","10.6084/m9.figshare.16806970"
2021,"solo survey","full",269,2021-10-10,"Sea Shore Park",NA,42.5,"ZW","10.6084/m9.figshare.16806970"
2021,"solo survey","full",270,2021-10-10,"Sea Shore Park",NA,42.5,"ZW","10.6084/m9.figshare.16806970"
2021,"solo survey","full",271,2021-10-10,"Sea Shore Park",NA,67.5,"ZW","10.6084/m9.figshare.16806970"
2021,"solo survey","full",272,2021-10-10,"Sea Shore Park",NA,67.5,"ZW","10.6084/m9.figshare.16806970"
2021,"solo survey","full",273,2021-10-10,"Sea Shore Park",NA,67.5,"ZW","10.6084/m9.figshare.16806970"
2021,"solo survey","full",274,2021-10-10,"Sea Shore Park",NA,42.5,"ZW","10.6084/m9.figshare.16806970"
2021,"solo survey","full",275,2021-10-10,"Sea Shore Park",NA,42.5,"ZW","10.6084/m9.figshare.16806970"
2021,"solo survey","full",276,2021-10-10,"Sea Shore Park",NA,42.5,"ZW","10.6084/m9.figshare.16806970"
2021,"solo survey","full",277,2021-10-10,"Sea Shore Park",NA,42.5,"ZW","10.6084/m9.figshare.16806970"
2021,"solo survey","full",278,2021-10-10,"Sea Shore Park",NA,42.5,"ZW","10.6084/m9.figshare.16806970"
2021,"solo survey","full",279,2021-10-10,"Sea Shore Park",NA,42.5,"ZW","10.6084/m9.figshare.16806970"
2021,"solo survey","full",280,2021-10-10,"Sea Shore Park",NA,42.5,"ZW","10.6084/m9.figshare.16806970"
2021,"solo survey","full",281,2021-10-10,"Sea Shore Park",NA,42.5,"ZW","10.6084/m9.figshare.16806970"
2021,"solo survey","full",282,2021-10-10,"Sea Shore Park",NA,42.5,"ZW","10.6084/m9.figshare.16806970"
2021,"solo survey","full",283,2021-10-10,"Sea Shore Park",NA,42.5,"ZW","10.6084/m9.figshare.16806970"
2021,"solo survey","full",284,2021-10-10,"Sea Shore Park",NA,42.5,"ZW","10.6084/m9.figshare.16806970"
2021,"solo survey","full",285,2021-10-10,"Sea Shore Park",NA,42.5,"ZW","10.6084/m9.figshare.16806970"
2021,"solo survey","full",286,2021-10-10,"Sea Shore Park",NA,90,"ZW","10.6084/m9.figshare.16806970"
2021,"solo survey","full",287,2021-10-10,"Sea Shore Park",NA,90,"ZW","10.6084/m9.figshare.16806970"
2021,"solo survey","full",288,2021-10-10,"Sea Shore Park",NA,90,"ZW","10.6084/m9.figshare.16806970"
2021,"solo survey","full",289,2021-10-10,"Sea Shore Park",NA,90,"ZW","10.6084/m9.figshare.16806970"
2021,"solo survey","full",290,2021-10-10,"Sea Shore Park",NA,90,"ZW","10.6084/m9.figshare.16806970"
2021,"solo survey","full",291,2021-10-10,"Sea Shore Park",NA,90,"ZW","10.6084/m9.figshare.16806970"
2021,"solo survey","full",292,2021-10-10,"Sea Shore Park",NA,90,"ZW","10.6084/m9.figshare.16806970"
2021,"solo survey","full",293,2021-10-10,"Sea Shore Park",NA,90,"ZW","10.6084/m9.figshare.16806970"
2021,"solo survey","full",294,2021-10-10,"Sea Shore Park",NA,90,"ZW","10.6084/m9.figshare.16806970"
2021,"solo survey","full",295,2021-10-10,"Sea Shore Park",NA,67.5,"ZW","10.6084/m9.figshare.16806970"
2021,"solo survey","full",296,2021-10-10,"Sea Shore Park",NA,67.5,"ZW","10.6084/m9.figshare.16806970"
2021,"solo survey","full",297,2021-10-10,"Sea Shore Park",NA,67.5,"ZW","10.6084/m9.figshare.16806970"
2021,"solo survey","full",298,2021-10-10,"Sea Shore Park",NA,67.5,"ZW","10.6084/m9.figshare.16806970"
2021,"solo survey","full",299,2021-10-10,"Sea Shore Park",NA,67.5,"ZW","10.6084/m9.figshare.16806970"
2021,"solo survey","full",300,2021-10-10,"Sea Shore Park",NA,67.5,"ZW","10.6084/m9.figshare.16806970"
